CREATE TABLE [T_DATA_DICTIONARY] ([id] INTEGER PRIMARY KEY AUTOINCREMENT, [code] VARCHAR(50) NOT NULL, [name] VARCHAR(50) NOT NULL, [type] INTEGER NOT NULL);
INSERT INTO T_DATA_DICTIONARY VALUES(1,'1001','未开桌',1);
INSERT INTO T_DATA_DICTIONARY VALUES(2,'1002','已开桌',1);
INSERT INTO T_DATA_DICTIONARY VALUES(3,'1009','3103宿舍系列菜',2);
INSERT INTO T_DATA_DICTIONARY VALUES(4,'1001','精品川菜',2);
INSERT INTO T_DATA_DICTIONARY VALUES(5,'1002','精品闽菜',2);
INSERT INTO T_DATA_DICTIONARY VALUES(6,'1003','精品粤菜',2);
INSERT INTO T_DATA_DICTIONARY VALUES(7,'1004','干锅系列',2);
INSERT INTO T_DATA_DICTIONARY VALUES(8,'1005','凉菜',2);
INSERT INTO T_DATA_DICTIONARY VALUES(9,'1006','鱼系列',2);
INSERT INTO T_DATA_DICTIONARY VALUES(10,'1007','主食甜点',2);
INSERT INTO T_DATA_DICTIONARY VALUES(11,'1008','酒水饮料',2);
INSERT INTO T_DATA_DICTIONARY VALUES(12,'1001','份',3);
INSERT INTO T_DATA_DICTIONARY VALUES(13,'1002','盅',3);
INSERT INTO T_DATA_DICTIONARY VALUES(14,'1001','元',4);
INSERT INTO T_DATA_DICTIONARY VALUES(15,'1002','美元',4);
INSERT INTO T_DATA_DICTIONARY VALUES(16,'1001','未付款',5);
INSERT INTO T_DATA_DICTIONARY VALUES(17,'1002','已付款',5);
CREATE TABLE [T_DATA_DICTIONARY_TYPE] ([id] INTEGER PRIMARY KEY AUTOINCREMENT, [name] VARCHAR(100) NOT NULL);
INSERT INTO T_DATA_DICTIONARY_TYPE VALUES(1,'桌台状态');
INSERT INTO T_DATA_DICTIONARY_TYPE VALUES(2,'菜系');
INSERT INTO T_DATA_DICTIONARY_TYPE VALUES(3,'菜品单位');
INSERT INTO T_DATA_DICTIONARY_TYPE VALUES(4,'货币类型');
INSERT INTO T_DATA_DICTIONARY_TYPE VALUES(5,'付款状态');
CREATE TABLE [T_DISH_INFO] ([id] INTEGER PRIMARY KEY AUTOINCREMENT, [name] VARCHAR(100) NOT NULL, [dish_type] INTEGER NOT NULL, [price] FLOAT NOT NULL, [currency_type] INTEGER, [unit] INTEGER NOT NULL, [photo] VARCHAR(200) NOT NULL);
INSERT INTO T_DISH_INFO VALUES(1,'川式蛋黄虾',4,45.0,14,12,"dish/chuancai/csdhx.png");
INSERT INTO T_DISH_INFO VALUES(2,'猪耳朵',4,38.0,14,12,"dish/chuancai/zed.png");
INSERT INTO T_DISH_INFO VALUES(3,'黄金掌中宝',4,80.0,14,13,"dish/chuancai/hjzzb.png");
INSERT INTO T_DISH_INFO VALUES(4,'樟茶鸭',4,45.0,14,12,"dish/chuancai/zcy.png");
INSERT INTO T_DISH_INFO VALUES(5,'豆瓣活鲤',4,40.0,14,12,"dish/chuancai/dbhl.png");
INSERT INTO T_DISH_INFO VALUES(6,'粉蒸肉',4,50.0,14,13,"dish/chuancai/fzr.png");
INSERT INTO T_DISH_INFO VALUES(7,'香辣虾',4,35.0,14,12,"dish/chuancai/xlx.png");
INSERT INTO T_DISH_INFO VALUES(8,'外婆鸡',4,55.0,14,12,"dish/chuancai/wpj.png");
INSERT INTO T_DISH_INFO VALUES(9,'茄汁玉子豆腐',5,36.0,14,12,"dish/mincai/qzyzdf.png");
INSERT INTO T_DISH_INFO VALUES(10,'莆田卤面',5,25.0,14,13,"dish/mincai/ptlm.png");
INSERT INTO T_DISH_INFO VALUES(11,'王府佛跳墙',5,60.0,14,13,"dish/mincai/yfftq.png");
INSERT INTO T_DISH_INFO VALUES(12,'醋辣汁鸡',5,42.0,14,12,"dish/mincai/clzj.png");
INSERT INTO T_DISH_INFO VALUES(13,'吉利虾',5,34.0,14,13,"dish/mincai/jlx.png");
INSERT INTO T_DISH_INFO VALUES(14,'银芽炒韭菜',5,24.0,14,12,"dish/mincai/yycjc.png");
INSERT INTO T_DISH_INFO VALUES(15,'芝香参排骨',5,37.0,14,12,"dish/mincai/zxspg.png");
INSERT INTO T_DISH_INFO VALUES(16,'酱香鲜鱿鱼',5,45.0,14,12,"dish/mincai/jxxyy.png");
INSERT INTO T_DISH_INFO VALUES(17,'红烧河鳗',6,58.0,14,12,"dish/yuecai/hshm.png");
INSERT INTO T_DISH_INFO VALUES(18,'葱油焗水律',6,33.0,14,12,"dish/yuecai/cyjsl.png");
INSERT INTO T_DISH_INFO VALUES(19,'手剥笋',6,30.0,14,12,"dish/yuecai/sbs.png");
INSERT INTO T_DISH_INFO VALUES(20,'香辣梭子蟹',6,70.0,14,13,"dish/yuecai/xlszx.png");
INSERT INTO T_DISH_INFO VALUES(21,'干拌牛大肚',6,45.0,14,12,"dish/yuecai/gbndd.png");
INSERT INTO T_DISH_INFO VALUES(22,'香菇烩萝卜丸',6,35.0,14,12,"dish/yuecai/xghlbw.png");
INSERT INTO T_DISH_INFO VALUES(23,'铁板牛蛙',6,53.0,14,13,"dish/yuecai/tbnw.png");
INSERT INTO T_DISH_INFO VALUES(24,'莲藕炆猪手',6,65.0,14,12,"dish/yuecai/lowzs.png");
INSERT INTO T_DISH_INFO VALUES(25,'辣炒田螺',3,4.0,14,12,"dish/yuecai/xghlbw.png");
INSERT INTO T_DISH_INFO VALUES(26,'清蒸鲫鱼',3,10.0,14,12,"dish/yuecai/lowzs.png");
INSERT INTO T_DISH_INFO VALUES(27,'青椒炒牛肉',3,12.0,14,12,"dish/yuecai/hshm.png");
INSERT INTO T_DISH_INFO VALUES(28,'酸辣土豆丝',3,2.0,14,12,"dish/yuecai/gbndd.png");
INSERT INTO T_DISH_INFO VALUES(29,'酸辣白菜',3,2.0,14,12,"dish/yuecai/xghlbw.png");
INSERT INTO T_DISH_INFO VALUES(30,'手撕包菜',3,2.0,14,12,"dish/yuecai/tbnw.png");
INSERT INTO T_DISH_INFO VALUES(31,'红烧茄子',3,4.0,14,12,"dish/yuecai/gbndd.png");
INSERT INTO T_DISH_INFO VALUES(32,'拍黄瓜',3,4.0,14,12,"dish/yuecai/lowzs.png");
INSERT INTO T_DISH_INFO VALUES(33,'炒青菜',3,2.0,14,12,"dish/yuecai/tbnw.png");
INSERT INTO T_DISH_INFO VALUES(34,'芹菜炒鸡蛋干',3,6.0,14,12,"dish/yuecai/hshm.png");
INSERT INTO T_DISH_INFO VALUES(35,'西红柿蛋汤',3,6.0,14,12,"dish/yuecai/lowzs.png");
INSERT INTO T_DISH_INFO VALUES(36,'紫菜猪肉汤',3,8.0,14,12,"dish/yuecai/tbnw.png");
INSERT INTO T_DISH_INFO VALUES(37,'紫菜蛋汤',3,6.0,14,12,"dish/yuecai/hshm.png");
INSERT INTO T_DISH_INFO VALUES(38,'花蛤豆腐汤',3,8.0,14,12,"dish/yuecai/tbnw.png");
INSERT INTO T_DISH_INFO VALUES(39,'香菇豆腐汤',3,6.0,14,12,"dish/yuecai/gbndd.png");
INSERT INTO T_DISH_INFO VALUES(40,'鱼肉豆腐汤',3,10.0,14,12,"dish/yuecai/lowzs.png");
CREATE TABLE [T_USER] ([id] INTEGER PRIMARY KEY AUTOINCREMENT, [mobile] CHAR(6) NOT NULL UNIQUE, [pwd] VARCHAR(20) NOT NULL, [userName] VARCHAR(100) NOT NULL, [isLogin] VARCHAR(100) NOT NULL, [role_id] INTEGER NOT NULL,[sex] VARCHAR(1), [telephone] VARCHAR(50), [email] VARCHAR(50), [province] VARCHAR(20), [city] VARCHAR(20));
INSERT INTO T_USER VALUES(1,'100001','100001','李天明',0,1,null,null,null,null,null);
INSERT INTO T_USER VALUES(2,'100002','100002','赵天宇',0,2,null,null,null,null,null);
INSERT INTO T_USER VALUES(3,'100003','100003','张博苑',0,3,null,null,null,null,null);
INSERT INTO T_USER VALUES(4,'100004','100004','陈博动',0,3,null,null,null,null,null);
CREATE TABLE [T_ORDER] ([id] INTEGER PRIMARY KEY AUTOINCREMENT, [table_info_id] INTEGER NOT NULL, [waiter_id] INTEGER NOT NULL, [cashier_id] INTEGER, [begin_datetime] DATETIME NOT NULL, [end_datetime] DATETIME, [total_money] FLOAT, [isPay] INTEGER NOT NULL);
INSERT INTO T_ORDER VALUES(1,1,3,0,'2013-06-07 10:10:10',null,100.0,10);
INSERT INTO T_ORDER VALUES(2,3,4,0,'2013-06-07 10:11:10',null,200.0,10);
INSERT INTO T_ORDER VALUES(3,5,3,0,'2013-06-07 10:12:10',null,300.0,10);
INSERT INTO T_ORDER VALUES(4,2,4,0,'2013-06-07 10:13:10',null,400.0,10);
INSERT INTO T_ORDER VALUES(5,6,4,2,'2013-06-07 10:13:10','2013-06-07 11:13:10',400.0,11);
INSERT INTO T_ORDER VALUES(6,4,4,2,'2013-06-07 10:13:10','2013-06-07 12:13:10',400.0,11);
CREATE TABLE [T_ORDER_DETAIL] ([id] INTEGER PRIMARY KEY AUTOINCREMENT, [order_id] INTEGER NOT NULL, [dish_info_id] INTEGER NOT NULL, [current_price] FLOAT NOT NULL, [dish_number] INTEGER NOT NULL);
INSERT INTO T_ORDER_DETAIL VALUES(1,1,1,50,1);
INSERT INTO T_ORDER_DETAIL VALUES(2,1,2,50,2);
INSERT INTO T_ORDER_DETAIL VALUES(3,1,3,50,3);
CREATE TABLE [T_ROLE] ([id] INTEGER PRIMARY KEY AUTOINCREMENT, [name] VARCHAR(100) NOT NULL);
INSERT INTO T_ROLE VALUES(1,'管理员');
INSERT INTO T_ROLE VALUES(2,'收银员');
INSERT INTO T_ROLE VALUES(3,'服务员');
CREATE TABLE [T_TABLE_INFO] ([id] INTEGER PRIMARY KEY AUTOINCREMENT, [num] INTEGER NOT NULL, [size_id] INTEGER NOT NULL, [state] INTEGER NOT NULL, [describe] VARCHAR(200));
INSERT INTO T_TABLE_INFO VALUES(1,1,1,1,'东南方靠窗');
INSERT INTO T_TABLE_INFO VALUES(2,2,1,1,'东南方靠窗');
INSERT INTO T_TABLE_INFO VALUES(3,3,1,1,'东南方靠窗');
INSERT INTO T_TABLE_INFO VALUES(4,4,1,1,'东南方靠窗');
INSERT INTO T_TABLE_INFO VALUES(5,5,2,1,'东南方不靠窗');
INSERT INTO T_TABLE_INFO VALUES(6,6,2,1,'东南方不靠窗');
INSERT INTO T_TABLE_INFO VALUES(7,7,2,1,'东南方不靠窗');
INSERT INTO T_TABLE_INFO VALUES(8,8,2,1,'东南方不靠窗');
INSERT INTO T_TABLE_INFO VALUES(9,9,3,1,'东北方靠窗');
INSERT INTO T_TABLE_INFO VALUES(10,10,3,1,'东北方靠窗');
INSERT INTO T_TABLE_INFO VALUES(11,11,3,1,'东北方靠窗');
INSERT INTO T_TABLE_INFO VALUES(12,12,3,1,'东北方靠窗');
INSERT INTO T_TABLE_INFO VALUES(13,13,4,1,'东北方靠窗');
INSERT INTO T_TABLE_INFO VALUES(14,14,5,1,'东北方不靠窗');
INSERT INTO T_TABLE_INFO VALUES(15,15,4,1,'东北方不靠窗');
INSERT INTO T_TABLE_INFO VALUES(16,16,5,1,'东北方不靠窗');
INSERT INTO T_TABLE_INFO VALUES(17,17,4,1,'东北方不靠窗');
INSERT INTO T_TABLE_INFO VALUES(18,18,4,1,'一楼贵宾1包厢');
INSERT INTO T_TABLE_INFO VALUES(19,19,5,1,'一楼贵宾2包厢');
INSERT INTO T_TABLE_INFO VALUES(20,20,4,1,'二楼贵宾1包厢');
INSERT INTO T_TABLE_INFO VALUES(21,21,5,1,'二楼贵宾2包厢');
CREATE TABLE [T_TABLE_SIZE] ([id] INTEGER PRIMARY KEY AUTOINCREMENT, [size] INTEGER NOT NULL);
INSERT INTO T_TABLE_SIZE VALUES(1,1);
INSERT INTO T_TABLE_SIZE VALUES(2,2);
INSERT INTO T_TABLE_SIZE VALUES(3,4);
INSERT INTO T_TABLE_SIZE VALUES(4,8);
INSERT INTO T_TABLE_SIZE VALUES(5,12);